System_time,Server,Request_method,HTTP_user_agent,QUERY_STRING,REMOTE_ADDR
2019-05-17 07:56:34,FANCY-DP,GET/__swagger__/,Mozilla/5.0 (Windows NT 10.0; Win64; x64) AppleWebKit/537.36 (KHTML like Gecko) QtWebEngine/5.12.1 Chrome/69.0.3497.128 Safari/537.36,,127.0.0.1 
2019-05-17 07:56:35,FANCY-DP,GET/swagger.json,Mozilla/5.0 (Windows NT 10.0; Win64; x64) AppleWebKit/537.36 (KHTML like Gecko) QtWebEngine/5.12.1 Chrome/69.0.3497.128 Safari/537.36,?schemes=http&host=127.0.0.1:5635&path=/,127.0.0.1 
2019-05-17 07:57:41,FANCY-DP,GET/NSSCSoilDataAPI/SoilData,Mozilla/5.0 (Windows NT 10.0; Win64; x64) AppleWebKit/537.36 (KHTML like Gecko) Chrome/74.0.3729.131 Safari/537.36,?observedProperty=S_DESC_BY&providers=TasGovernment&format=xml,127.0.0.1 
2019-05-17 07:57:42,FANCY-DP,GET/NSSCSoilDataAPI/SoilData,Mozilla/5.0 (Windows NT 10.0; Win64; x64) AppleWebKit/537.36 (KHTML like Gecko) Chrome/74.0.3729.131 Safari/537.36,?observedProperty=S_DESC_BY&providers=TasGovernment&format=xml,127.0.0.1 
2019-05-17 07:57:44,FANCY-DP,GET/favicon.ico,Mozilla/5.0 (Windows NT 10.0; Win64; x64) AppleWebKit/537.36 (KHTML like Gecko) Chrome/74.0.3729.131 Safari/537.36,,127.0.0.1 
2019-05-17 08:00:52,FANCY-DP,GET/__swagger__/,Mozilla/5.0 (Windows NT 10.0; Win64; x64) AppleWebKit/537.36 (KHTML like Gecko) QtWebEngine/5.12.1 Chrome/69.0.3497.128 Safari/537.36,,127.0.0.1 
2019-05-17 08:00:53,FANCY-DP,GET/swagger.json,Mozilla/5.0 (Windows NT 10.0; Win64; x64) AppleWebKit/537.36 (KHTML like Gecko) QtWebEngine/5.12.1 Chrome/69.0.3497.128 Safari/537.36,?schemes=http&host=127.0.0.1:5635&path=/,127.0.0.1 
2019-05-17 08:00:57,FANCY-DP,GET/NSSCSoilDataAPI/SoilData,Mozilla/5.0 (Windows NT 10.0; Win64; x64; rv:66.0) Gecko/20100101 Firefox/66.0,?observedProperty=S_DESC_BY&providers=TasGovernment&format=xml,127.0.0.1 
2019-05-17 08:01:14,FANCY-DP,GET/__swagger__/,Mozilla/5.0 (Windows NT 10.0; Win64; x64) AppleWebKit/537.36 (KHTML like Gecko) QtWebEngine/5.12.1 Chrome/69.0.3497.128 Safari/537.36,,127.0.0.1 
2019-05-17 08:01:14,FANCY-DP,GET/swagger.json,Mozilla/5.0 (Windows NT 10.0; Win64; x64) AppleWebKit/537.36 (KHTML like Gecko) QtWebEngine/5.12.1 Chrome/69.0.3497.128 Safari/537.36,?schemes=http&host=127.0.0.1:5635&path=/,127.0.0.1 
2019-05-17 08:01:20,FANCY-DP,GET/NSSCSoilDataAPI/SoilData,Mozilla/5.0 (Windows NT 10.0; Win64; x64) AppleWebKit/537.36 (KHTML like Gecko) Chrome/74.0.3729.131 Safari/537.36,?observedProperty=S_DESC_BY&providers=TasGovernment&format=xml,127.0.0.1 
2019-05-17 08:01:22,FANCY-DP,GET/NSSCSoilDataAPI/SoilData,Mozilla/5.0 (Windows NT 10.0; Win64; x64) AppleWebKit/537.36 (KHTML like Gecko) Chrome/74.0.3729.131 Safari/537.36,?observedProperty=S_DESC_BY&providers=TasGovernment&format=xml,127.0.0.1 
2019-05-17 08:02:21,FANCY-DP,GET/__swagger__/,Mozilla/5.0 (Windows NT 10.0; Win64; x64) AppleWebKit/537.36 (KHTML like Gecko) QtWebEngine/5.12.1 Chrome/69.0.3497.128 Safari/537.36,,127.0.0.1 
2019-05-17 08:02:21,FANCY-DP,GET/swagger.json,Mozilla/5.0 (Windows NT 10.0; Win64; x64) AppleWebKit/537.36 (KHTML like Gecko) QtWebEngine/5.12.1 Chrome/69.0.3497.128 Safari/537.36,?schemes=http&host=127.0.0.1:5635&path=/,127.0.0.1 
2019-05-17 08:02:26,FANCY-DP,GET/NSSCSoilDataAPI/SoilData,Mozilla/5.0 (Windows NT 10.0; Win64; x64; rv:66.0) Gecko/20100101 Firefox/66.0,?observedProperty=S_DESC_BY&providers=TasGovernment&format=xml,127.0.0.1 
2019-05-17 08:04:34,FANCY-DP,GET/__swagger__/,Mozilla/5.0 (Windows NT 10.0; Win64; x64) AppleWebKit/537.36 (KHTML like Gecko) QtWebEngine/5.12.1 Chrome/69.0.3497.128 Safari/537.36,,127.0.0.1 
2019-05-17 08:04:35,FANCY-DP,GET/swagger.json,Mozilla/5.0 (Windows NT 10.0; Win64; x64) AppleWebKit/537.36 (KHTML like Gecko) QtWebEngine/5.12.1 Chrome/69.0.3497.128 Safari/537.36,?schemes=http&host=127.0.0.1:5635&path=/,127.0.0.1 
2019-05-17 08:04:37,FANCY-DP,GET/NSSCSoilDataAPI/SoilData,Mozilla/5.0 (Windows NT 10.0; Win64; x64; rv:66.0) Gecko/20100101 Firefox/66.0,?observedProperty=S_DESC_BY&providers=TasGovernment&format=xml,127.0.0.1 
2019-05-17 08:06:18,FANCY-DP,GET/__swagger__/,Mozilla/5.0 (Windows NT 10.0; Win64; x64) AppleWebKit/537.36 (KHTML like Gecko) QtWebEngine/5.12.1 Chrome/69.0.3497.128 Safari/537.36,,127.0.0.1 
2019-05-17 08:06:18,FANCY-DP,GET/swagger.json,Mozilla/5.0 (Windows NT 10.0; Win64; x64) AppleWebKit/537.36 (KHTML like Gecko) QtWebEngine/5.12.1 Chrome/69.0.3497.128 Safari/537.36,?schemes=http&host=127.0.0.1:5635&path=/,127.0.0.1 
2019-05-17 08:06:22,FANCY-DP,GET/NSSCSoilDataAPI/SoilData,Mozilla/5.0 (Windows NT 10.0; Win64; x64; rv:66.0) Gecko/20100101 Firefox/66.0,?observedProperty=S_DESC_BY&providers=TasGovernment&format=xml,127.0.0.1 
2019-05-17 08:06:33,FANCY-DP,GET/__swagger__/,Mozilla/5.0 (Windows NT 10.0; Win64; x64) AppleWebKit/537.36 (KHTML like Gecko) QtWebEngine/5.12.1 Chrome/69.0.3497.128 Safari/537.36,,127.0.0.1 
2019-05-17 08:06:34,FANCY-DP,GET/swagger.json,Mozilla/5.0 (Windows NT 10.0; Win64; x64) AppleWebKit/537.36 (KHTML like Gecko) QtWebEngine/5.12.1 Chrome/69.0.3497.128 Safari/537.36,?schemes=http&host=127.0.0.1:5635&path=/,127.0.0.1 
2019-05-17 08:06:36,FANCY-DP,GET/NSSCSoilDataAPI/SoilData,Mozilla/5.0 (Windows NT 10.0; Win64; x64; rv:66.0) Gecko/20100101 Firefox/66.0,?observedProperty=S_DESC_BY&providers=TasGovernment&format=xml,127.0.0.1 
2019-05-17 08:08:50,FANCY-DP,GET/NSSCSoilDataAPI/SoilData,Mozilla/5.0 (Windows NT 10.0; Win64; x64) AppleWebKit/537.36 (KHTML like Gecko) Chrome/74.0.3729.131 Safari/537.36,?observedProperty=S_DESC_BY&providers=TasGovernment&format=xml,127.0.0.1 
2019-05-17 08:09:55,FANCY-DP,GET/__swagger__/,Mozilla/5.0 (Windows NT 10.0; Win64; x64) AppleWebKit/537.36 (KHTML like Gecko) QtWebEngine/5.12.1 Chrome/69.0.3497.128 Safari/537.36,,127.0.0.1 
2019-05-17 08:09:55,FANCY-DP,GET/swagger.json,Mozilla/5.0 (Windows NT 10.0; Win64; x64) AppleWebKit/537.36 (KHTML like Gecko) QtWebEngine/5.12.1 Chrome/69.0.3497.128 Safari/537.36,?schemes=http&host=127.0.0.1:5635&path=/,127.0.0.1 
2019-05-17 08:10:02,FANCY-DP,GET/NSSCSoilDataAPI/SoilData,Mozilla/5.0 (Windows NT 10.0; Win64; x64; rv:66.0) Gecko/20100101 Firefox/66.0,?observedProperty=S_DESC_BY&providers=TasGovernment&format=xml,127.0.0.1 
2019-05-17 08:10:04,FANCY-DP,GET/favicon.ico,Mozilla/5.0 (Windows NT 10.0; Win64; x64; rv:66.0) Gecko/20100101 Firefox/66.0,,127.0.0.1 
2019-05-17 08:11:44,FANCY-DP,GET/__swagger__/,Mozilla/5.0 (Windows NT 10.0; Win64; x64) AppleWebKit/537.36 (KHTML like Gecko) QtWebEngine/5.12.1 Chrome/69.0.3497.128 Safari/537.36,,127.0.0.1 
2019-05-17 08:11:44,FANCY-DP,GET/swagger.json,Mozilla/5.0 (Windows NT 10.0; Win64; x64) AppleWebKit/537.36 (KHTML like Gecko) QtWebEngine/5.12.1 Chrome/69.0.3497.128 Safari/537.36,?schemes=http&host=127.0.0.1:5635&path=/,127.0.0.1 
2019-05-17 08:11:50,FANCY-DP,GET/NSSCSoilDataAPI/SoilData,Mozilla/5.0 (Windows NT 10.0; Win64; x64; rv:66.0) Gecko/20100101 Firefox/66.0,?observedProperty=S_DESC_BY&providers=TasGovernment&format=xml,127.0.0.1 
2019-05-17 08:12:14,FANCY-DP,GET/__swagger__/,Mozilla/5.0 (Windows NT 10.0; Win64; x64) AppleWebKit/537.36 (KHTML like Gecko) QtWebEngine/5.12.1 Chrome/69.0.3497.128 Safari/537.36,,127.0.0.1 
2019-05-17 08:12:14,FANCY-DP,GET/swagger.json,Mozilla/5.0 (Windows NT 10.0; Win64; x64) AppleWebKit/537.36 (KHTML like Gecko) QtWebEngine/5.12.1 Chrome/69.0.3497.128 Safari/537.36,?schemes=http&host=127.0.0.1:5635&path=/,127.0.0.1 
2019-05-17 08:12:17,FANCY-DP,GET/NSSCSoilDataAPI/SoilData,Mozilla/5.0 (Windows NT 10.0; Win64; x64; rv:66.0) Gecko/20100101 Firefox/66.0,?observedProperty=S_DESC_BY&providers=TasGovernment&format=xml,127.0.0.1 
2019-05-17 08:12:27,FANCY-DP,GET/__swagger__/,Mozilla/5.0 (Windows NT 10.0; Win64; x64) AppleWebKit/537.36 (KHTML like Gecko) QtWebEngine/5.12.1 Chrome/69.0.3497.128 Safari/537.36,,127.0.0.1 
2019-05-17 08:12:28,FANCY-DP,GET/swagger.json,Mozilla/5.0 (Windows NT 10.0; Win64; x64) AppleWebKit/537.36 (KHTML like Gecko) QtWebEngine/5.12.1 Chrome/69.0.3497.128 Safari/537.36,?schemes=http&host=127.0.0.1:5635&path=/,127.0.0.1 
2019-05-17 08:12:31,FANCY-DP,GET/NSSCSoilDataAPI/SoilData,Mozilla/5.0 (Windows NT 10.0; Win64; x64; rv:66.0) Gecko/20100101 Firefox/66.0,?observedProperty=S_DESC_BY&providers=TasGovernment&format=xml,127.0.0.1 
2019-05-17 08:12:33,FANCY-DP,GET/favicon.ico,Mozilla/5.0 (Windows NT 10.0; Win64; x64; rv:66.0) Gecko/20100101 Firefox/66.0,,127.0.0.1 
2019-05-17 08:13:35,FANCY-DP,GET/__swagger__/,Mozilla/5.0 (Windows NT 10.0; Win64; x64) AppleWebKit/537.36 (KHTML like Gecko) QtWebEngine/5.12.1 Chrome/69.0.3497.128 Safari/537.36,,127.0.0.1 
2019-05-17 08:13:35,FANCY-DP,GET/swagger.json,Mozilla/5.0 (Windows NT 10.0; Win64; x64) AppleWebKit/537.36 (KHTML like Gecko) QtWebEngine/5.12.1 Chrome/69.0.3497.128 Safari/537.36,?schemes=http&host=127.0.0.1:5635&path=/,127.0.0.1 
2019-05-17 08:13:42,FANCY-DP,GET/NSSCSoilDataAPI/SoilData,Mozilla/5.0 (Windows NT 10.0; Win64; x64; rv:66.0) Gecko/20100101 Firefox/66.0,?observedProperty=S_DESC_BY&providers=TasGovernment&format=xml,127.0.0.1 
2019-05-17 08:15:14,FANCY-DP,GET/__swagger__/,Mozilla/5.0 (Windows NT 10.0; Win64; x64) AppleWebKit/537.36 (KHTML like Gecko) QtWebEngine/5.12.1 Chrome/69.0.3497.128 Safari/537.36,,127.0.0.1 
2019-05-17 08:15:14,FANCY-DP,GET/swagger.json,Mozilla/5.0 (Windows NT 10.0; Win64; x64) AppleWebKit/537.36 (KHTML like Gecko) QtWebEngine/5.12.1 Chrome/69.0.3497.128 Safari/537.36,?schemes=http&host=127.0.0.1:5635&path=/,127.0.0.1 
2019-05-17 08:15:20,FANCY-DP,GET/NSSCSoilDataAPI/SoilData,Mozilla/5.0 (Windows NT 10.0; Win64; x64; rv:66.0) Gecko/20100101 Firefox/66.0,?observedProperty=S_DESC_BY&providers=TasGovernment&format=xml,127.0.0.1 
2019-05-17 08:15:58,FANCY-DP,GET/NSSCSoilDataAPI/SoilData,Mozilla/5.0 (Windows NT 10.0; Win64; x64; rv:66.0) Gecko/20100101 Firefox/66.0,?observedProperty=S_DESC_BY&providers=TasGovernment&format=xml,127.0.0.1 
2019-05-17 08:16:24,FANCY-DP,GET/__swagger__/,Mozilla/5.0 (Windows NT 10.0; Win64; x64) AppleWebKit/537.36 (KHTML like Gecko) QtWebEngine/5.12.1 Chrome/69.0.3497.128 Safari/537.36,,127.0.0.1 
2019-05-17 08:16:24,FANCY-DP,GET/swagger.json,Mozilla/5.0 (Windows NT 10.0; Win64; x64) AppleWebKit/537.36 (KHTML like Gecko) QtWebEngine/5.12.1 Chrome/69.0.3497.128 Safari/537.36,?schemes=http&host=127.0.0.1:5635&path=/,127.0.0.1 
2019-05-17 08:16:28,FANCY-DP,GET/NSSCSoilDataAPI/SoilData,Mozilla/5.0 (Windows NT 10.0; Win64; x64; rv:66.0) Gecko/20100101 Firefox/66.0,?observedProperty=S_DESC_BY&providers=TasGovernment&format=xml,127.0.0.1 
2019-05-17 08:16:28,FANCY-DP,GET/favicon.ico,Mozilla/5.0 (Windows NT 10.0; Win64; x64; rv:66.0) Gecko/20100101 Firefox/66.0,,127.0.0.1 
2019-05-17 08:17:38,FANCY-DP,GET/__swagger__/,Mozilla/5.0 (Windows NT 10.0; Win64; x64) AppleWebKit/537.36 (KHTML like Gecko) QtWebEngine/5.12.1 Chrome/69.0.3497.128 Safari/537.36,,127.0.0.1 
2019-05-17 08:17:39,FANCY-DP,GET/swagger.json,Mozilla/5.0 (Windows NT 10.0; Win64; x64) AppleWebKit/537.36 (KHTML like Gecko) QtWebEngine/5.12.1 Chrome/69.0.3497.128 Safari/537.36,?schemes=http&host=127.0.0.1:5635&path=/,127.0.0.1 
2019-05-17 08:19:24,FANCY-DP,GET/__swagger__/,Mozilla/5.0 (Windows NT 10.0; Win64; x64) AppleWebKit/537.36 (KHTML like Gecko) QtWebEngine/5.12.1 Chrome/69.0.3497.128 Safari/537.36,,127.0.0.1 
2019-05-17 08:19:24,FANCY-DP,GET/swagger.json,Mozilla/5.0 (Windows NT 10.0; Win64; x64) AppleWebKit/537.36 (KHTML like Gecko) QtWebEngine/5.12.1 Chrome/69.0.3497.128 Safari/537.36,?schemes=http&host=127.0.0.1:5635&path=/,127.0.0.1 
2019-05-17 08:19:30,FANCY-DP,GET/NSSCSoilDataAPI/SoilData,Mozilla/5.0 (Windows NT 10.0; Win64; x64; rv:66.0) Gecko/20100101 Firefox/66.0,?observedProperty=S_DESC_BY&providers=TasGovernment&format=xml,127.0.0.1 
2019-05-17 08:20:28,FANCY-DP,GET/__swagger__/,Mozilla/5.0 (Windows NT 10.0; Win64; x64) AppleWebKit/537.36 (KHTML like Gecko) QtWebEngine/5.12.1 Chrome/69.0.3497.128 Safari/537.36,,127.0.0.1 
2019-05-17 08:20:28,FANCY-DP,GET/swagger.json,Mozilla/5.0 (Windows NT 10.0; Win64; x64) AppleWebKit/537.36 (KHTML like Gecko) QtWebEngine/5.12.1 Chrome/69.0.3497.128 Safari/537.36,?schemes=http&host=127.0.0.1:5635&path=/,127.0.0.1 
2019-05-17 08:20:34,FANCY-DP,GET/NSSCSoilDataAPI/SoilData,Mozilla/5.0 (Windows NT 10.0; Win64; x64; rv:66.0) Gecko/20100101 Firefox/66.0,?observedProperty=S_DESC_BY&providers=TasGovernment&format=xml,127.0.0.1 
2019-05-17 08:20:59,FANCY-DP,GET/__swagger__/,Mozilla/5.0 (Windows NT 10.0; Win64; x64) AppleWebKit/537.36 (KHTML like Gecko) QtWebEngine/5.12.1 Chrome/69.0.3497.128 Safari/537.36,,127.0.0.1 
2019-05-17 08:20:59,FANCY-DP,GET/swagger.json,Mozilla/5.0 (Windows NT 10.0; Win64; x64) AppleWebKit/537.36 (KHTML like Gecko) QtWebEngine/5.12.1 Chrome/69.0.3497.128 Safari/537.36,?schemes=http&host=127.0.0.1:5635&path=/,127.0.0.1 
2019-05-17 08:21:04,FANCY-DP,GET/NSSCSoilDataAPI/SoilData,Mozilla/5.0 (Windows NT 10.0; Win64; x64; rv:66.0) Gecko/20100101 Firefox/66.0,?observedProperty=S_DESC_BY&providers=TasGovernment&format=xml,127.0.0.1 
2019-05-17 08:21:04,FANCY-DP,GET/favicon.ico,Mozilla/5.0 (Windows NT 10.0; Win64; x64; rv:66.0) Gecko/20100101 Firefox/66.0,,127.0.0.1 
2019-05-17 08:21:28,FANCY-DP,GET/NSSCSoilDataAPI/SoilData,Mozilla/5.0 (Windows NT 10.0; Win64; x64) AppleWebKit/537.36 (KHTML like Gecko) Chrome/74.0.3729.131 Safari/537.36,?observedProperty=S_DESC_BY&providers=TasGovernment&format=xml,127.0.0.1 
2019-05-17 08:30:55,FANCY-DP,GET/__swagger__/,Mozilla/5.0 (Windows NT 10.0; Win64; x64) AppleWebKit/537.36 (KHTML like Gecko) QtWebEngine/5.12.1 Chrome/69.0.3497.128 Safari/537.36,,127.0.0.1 
2019-05-17 08:30:56,FANCY-DP,GET/swagger.json,Mozilla/5.0 (Windows NT 10.0; Win64; x64) AppleWebKit/537.36 (KHTML like Gecko) QtWebEngine/5.12.1 Chrome/69.0.3497.128 Safari/537.36,?schemes=http&host=127.0.0.1:5635&path=/,127.0.0.1 
2019-05-17 08:31:19,FANCY-DP,GET/NSSCSoilDataAPI/SoilData,Mozilla/5.0 (Windows NT 10.0; Win64; x64) AppleWebKit/537.36 (KHTML like Gecko) Chrome/74.0.3729.131 Safari/537.36,?observedProperty=S_DESC_BY&providers=TasGovernment&format=xml,127.0.0.1 
2019-05-17 08:32:29,FANCY-DP,GET/__swagger__/,Mozilla/5.0 (Windows NT 10.0; Win64; x64) AppleWebKit/537.36 (KHTML like Gecko) QtWebEngine/5.12.1 Chrome/69.0.3497.128 Safari/537.36,,127.0.0.1 
2019-05-17 08:32:30,FANCY-DP,GET/swagger.json,Mozilla/5.0 (Windows NT 10.0; Win64; x64) AppleWebKit/537.36 (KHTML like Gecko) QtWebEngine/5.12.1 Chrome/69.0.3497.128 Safari/537.36,?schemes=http&host=127.0.0.1:5635&path=/,127.0.0.1 
2019-05-17 08:32:33,FANCY-DP,GET/NSSCSoilDataAPI/SoilData,Mozilla/5.0 (Windows NT 10.0; Win64; x64; rv:66.0) Gecko/20100101 Firefox/66.0,?observedProperty=S_DESC_BY&providers=TasGovernment&format=xml,127.0.0.1 
2019-05-17 08:34:26,FANCY-DP,GET/NSSCSoilDataAPI/SoilData,Mozilla/5.0 (Windows NT 10.0; Win64; x64) AppleWebKit/537.36 (KHTML like Gecko) Chrome/74.0.3729.131 Safari/537.36,?observedProperty=S_DESC_BY&providers=TasGovernment&format=xml,127.0.0.1 
2019-05-17 08:35:21,FANCY-DP,GET/__swagger__/,Mozilla/5.0 (Windows NT 10.0; Win64; x64) AppleWebKit/537.36 (KHTML like Gecko) QtWebEngine/5.12.1 Chrome/69.0.3497.128 Safari/537.36,,127.0.0.1 
2019-05-17 08:35:21,FANCY-DP,GET/swagger.json,Mozilla/5.0 (Windows NT 10.0; Win64; x64) AppleWebKit/537.36 (KHTML like Gecko) QtWebEngine/5.12.1 Chrome/69.0.3497.128 Safari/537.36,?schemes=http&host=127.0.0.1:5635&path=/,127.0.0.1 
2019-05-17 08:35:26,FANCY-DP,GET/NSSCSoilDataAPI/SoilData,Mozilla/5.0 (Windows NT 10.0; Win64; x64; rv:66.0) Gecko/20100101 Firefox/66.0,?observedProperty=S_DESC_BY&providers=TasGovernment&format=xml,127.0.0.1 
2019-05-17 08:35:29,FANCY-DP,GET/NSSCSoilDataAPI/SoilData,Mozilla/5.0 (Windows NT 10.0; Win64; x64; rv:66.0) Gecko/20100101 Firefox/66.0,?observedProperty=S_DESC_BY&providers=TasGovernment&format=xml,127.0.0.1 
2019-05-17 08:36:19,FANCY-DP,GET/__swagger__/,Mozilla/5.0 (Windows NT 10.0; Win64; x64) AppleWebKit/537.36 (KHTML like Gecko) QtWebEngine/5.12.1 Chrome/69.0.3497.128 Safari/537.36,,127.0.0.1 
2019-05-17 08:36:19,FANCY-DP,GET/swagger.json,Mozilla/5.0 (Windows NT 10.0; Win64; x64) AppleWebKit/537.36 (KHTML like Gecko) QtWebEngine/5.12.1 Chrome/69.0.3497.128 Safari/537.36,?schemes=http&host=127.0.0.1:5635&path=/,127.0.0.1 
2019-05-17 08:36:22,FANCY-DP,GET/NSSCSoilDataAPI/SoilData,Mozilla/5.0 (Windows NT 10.0; Win64; x64; rv:66.0) Gecko/20100101 Firefox/66.0,?observedProperty=S_DESC_BY&providers=TasGovernment&format=xml,127.0.0.1 
2019-05-17 08:37:22,FANCY-DP,GET/__swagger__/,Mozilla/5.0 (Windows NT 10.0; Win64; x64) AppleWebKit/537.36 (KHTML like Gecko) QtWebEngine/5.12.1 Chrome/69.0.3497.128 Safari/537.36,,127.0.0.1 
2019-05-17 08:37:22,FANCY-DP,GET/swagger.json,Mozilla/5.0 (Windows NT 10.0; Win64; x64) AppleWebKit/537.36 (KHTML like Gecko) QtWebEngine/5.12.1 Chrome/69.0.3497.128 Safari/537.36,?schemes=http&host=127.0.0.1:5635&path=/,127.0.0.1 
2019-05-17 08:37:26,FANCY-DP,GET/NSSCSoilDataAPI/SoilData,Mozilla/5.0 (Windows NT 10.0; Win64; x64; rv:66.0) Gecko/20100101 Firefox/66.0,?observedProperty=S_DESC_BY&providers=TasGovernment&format=xml,127.0.0.1 
2019-05-17 08:37:52,FANCY-DP,GET/__swagger__/,Mozilla/5.0 (Windows NT 10.0; Win64; x64) AppleWebKit/537.36 (KHTML like Gecko) QtWebEngine/5.12.1 Chrome/69.0.3497.128 Safari/537.36,,127.0.0.1 
2019-05-17 08:37:52,FANCY-DP,GET/swagger.json,Mozilla/5.0 (Windows NT 10.0; Win64; x64) AppleWebKit/537.36 (KHTML like Gecko) QtWebEngine/5.12.1 Chrome/69.0.3497.128 Safari/537.36,?schemes=http&host=127.0.0.1:5635&path=/,127.0.0.1 
2019-05-17 08:37:55,FANCY-DP,GET/NSSCSoilDataAPI/SoilData,Mozilla/5.0 (Windows NT 10.0; Win64; x64; rv:66.0) Gecko/20100101 Firefox/66.0,?observedProperty=S_DESC_BY&providers=TasGovernment&format=xml,127.0.0.1 
2019-05-17 08:38:43,FANCY-DP,GET/__swagger__/,Mozilla/5.0 (Windows NT 10.0; Win64; x64) AppleWebKit/537.36 (KHTML like Gecko) QtWebEngine/5.12.1 Chrome/69.0.3497.128 Safari/537.36,,127.0.0.1 
2019-05-17 08:38:44,FANCY-DP,GET/swagger.json,Mozilla/5.0 (Windows NT 10.0; Win64; x64) AppleWebKit/537.36 (KHTML like Gecko) QtWebEngine/5.12.1 Chrome/69.0.3497.128 Safari/537.36,?schemes=http&host=127.0.0.1:5635&path=/,127.0.0.1 
2019-05-17 08:38:48,FANCY-DP,GET/NSSCSoilDataAPI/SoilData,Mozilla/5.0 (Windows NT 10.0; Win64; x64; rv:66.0) Gecko/20100101 Firefox/66.0,?observedProperty=S_DESC_BY&providers=TasGovernment&format=xml,127.0.0.1 
2019-05-17 08:39:19,FANCY-DP,GET/NSSCSoilDataAPI/SoilData,Mozilla/5.0 (Windows NT 10.0; Win64; x64; rv:66.0) Gecko/20100101 Firefox/66.0,?observedProperty=S_DESC_BY&providers=WAGovernment&format=xml,127.0.0.1 
2019-05-17 08:40:03,FANCY-DP,GET/__swagger__/,Mozilla/5.0 (Windows NT 10.0; Win64; x64) AppleWebKit/537.36 (KHTML like Gecko) QtWebEngine/5.12.1 Chrome/69.0.3497.128 Safari/537.36,,127.0.0.1 
2019-05-17 08:40:03,FANCY-DP,GET/swagger.json,Mozilla/5.0 (Windows NT 10.0; Win64; x64) AppleWebKit/537.36 (KHTML like Gecko) QtWebEngine/5.12.1 Chrome/69.0.3497.128 Safari/537.36,?schemes=http&host=127.0.0.1:5635&path=/,127.0.0.1 
2019-05-17 08:40:22,FANCY-DP,GET/__swagger__/,Mozilla/5.0 (Windows NT 10.0; Win64; x64) AppleWebKit/537.36 (KHTML like Gecko) QtWebEngine/5.12.1 Chrome/69.0.3497.128 Safari/537.36,,127.0.0.1 
2019-05-17 08:40:22,FANCY-DP,GET/swagger.json,Mozilla/5.0 (Windows NT 10.0; Win64; x64) AppleWebKit/537.36 (KHTML like Gecko) QtWebEngine/5.12.1 Chrome/69.0.3497.128 Safari/537.36,?schemes=http&host=127.0.0.1:5635&path=/,127.0.0.1 
2019-05-17 08:40:29,FANCY-DP,GET/NSSCSoilDataAPI/SoilData,Mozilla/5.0 (Windows NT 10.0; Win64; x64; rv:66.0) Gecko/20100101 Firefox/66.0,?observedProperty=S_DESC_BY&providers=WAGovernment&format=xml,127.0.0.1 
2019-05-17 08:41:06,FANCY-DP,GET/__swagger__/,Mozilla/5.0 (Windows NT 10.0; Win64; x64) AppleWebKit/537.36 (KHTML like Gecko) QtWebEngine/5.12.1 Chrome/69.0.3497.128 Safari/537.36,,127.0.0.1 
2019-05-17 08:41:06,FANCY-DP,GET/swagger.json,Mozilla/5.0 (Windows NT 10.0; Win64; x64) AppleWebKit/537.36 (KHTML like Gecko) QtWebEngine/5.12.1 Chrome/69.0.3497.128 Safari/537.36,?schemes=http&host=127.0.0.1:5635&path=/,127.0.0.1 
2019-05-17 08:41:31,FANCY-DP,GET/NSSCSoilDataAPI/SoilData,Mozilla/5.0 (Windows NT 10.0; Win64; x64; rv:66.0) Gecko/20100101 Firefox/66.0,?observedProperty=S_DESC_BY&providers=WAGovernment&format=xml,127.0.0.1 
2019-05-17 08:56:33,FANCY-DP,GET/__swagger__/,Mozilla/5.0 (Windows NT 10.0; Win64; x64) AppleWebKit/537.36 (KHTML like Gecko) QtWebEngine/5.12.1 Chrome/69.0.3497.128 Safari/537.36,,127.0.0.1 
2019-05-17 08:56:33,FANCY-DP,GET/swagger.json,Mozilla/5.0 (Windows NT 10.0; Win64; x64) AppleWebKit/537.36 (KHTML like Gecko) QtWebEngine/5.12.1 Chrome/69.0.3497.128 Safari/537.36,?schemes=http&host=127.0.0.1:5635&path=/,127.0.0.1 
2019-05-17 08:56:41,FANCY-DP,GET/NSSCSoilDataAPI/SoilData,Mozilla/5.0 (Windows NT 10.0; Win64; x64) AppleWebKit/537.36 (KHTML like Gecko) Chrome/74.0.3729.131 Safari/537.36,?observedProperty=S_DESC_BY&providers=VicGovernment&format=xml,127.0.0.1 
2019-05-17 08:57:09,FANCY-DP,GET/__swagger__/,Mozilla/5.0 (Windows NT 10.0; Win64; x64) AppleWebKit/537.36 (KHTML like Gecko) QtWebEngine/5.12.1 Chrome/69.0.3497.128 Safari/537.36,,127.0.0.1 
2019-05-17 08:57:09,FANCY-DP,GET/swagger.json,Mozilla/5.0 (Windows NT 10.0; Win64; x64) AppleWebKit/537.36 (KHTML like Gecko) QtWebEngine/5.12.1 Chrome/69.0.3497.128 Safari/537.36,?schemes=http&host=127.0.0.1:5635&path=/,127.0.0.1 
2019-05-17 08:57:52,FANCY-DP,GET/NSSCSoilDataAPI/SoilData,Mozilla/5.0 (Windows NT 10.0; Win64; x64; rv:66.0) Gecko/20100101 Firefox/66.0,?observedProperty=S_DESC_BY&providers=TasGovernment&format=xml,127.0.0.1 
2019-05-17 08:58:10,FANCY-DP,GET/NSSCSoilDataAPI/SoilData,Mozilla/5.0 (Windows NT 10.0; Win64; x64; rv:66.0) Gecko/20100101 Firefox/66.0,?observedProperty=S_DESC_BY&providers=WAGovernment&format=xml,127.0.0.1 
2019-05-17 08:58:57,FANCY-DP,GET/NSSCSoilDataAPI/SoilData,Mozilla/5.0 (Windows NT 10.0; Win64; x64; rv:66.0) Gecko/20100101 Firefox/66.0,?observedProperty=S_DESC_BY&providers=TasGovernment&format=xml,127.0.0.1 
2019-05-17 09:06:38,FANCY-DP,GET/__swagger__/,Mozilla/5.0 (Windows NT 10.0; Win64; x64) AppleWebKit/537.36 (KHTML like Gecko) QtWebEngine/5.12.1 Chrome/69.0.3497.128 Safari/537.36,,127.0.0.1 
2019-05-17 09:06:39,FANCY-DP,GET/swagger.json,Mozilla/5.0 (Windows NT 10.0; Win64; x64) AppleWebKit/537.36 (KHTML like Gecko) QtWebEngine/5.12.1 Chrome/69.0.3497.128 Safari/537.36,?schemes=http&host=127.0.0.1:5635&path=/,127.0.0.1 
2019-05-17 09:06:44,FANCY-DP,GET/NSSCSoilDataAPI/SoilData,Mozilla/5.0 (Windows NT 10.0; Win64; x64; rv:66.0) Gecko/20100101 Firefox/66.0,?observedProperty=S_DESC_BY&providers=TasGovernment&format=xml,127.0.0.1 
2019-05-17 09:10:44,FANCY-DP,GET/__swagger__/,Mozilla/5.0 (Windows NT 10.0; Win64; x64) AppleWebKit/537.36 (KHTML like Gecko) QtWebEngine/5.12.1 Chrome/69.0.3497.128 Safari/537.36,,127.0.0.1 
2019-05-17 09:10:44,FANCY-DP,GET/swagger.json,Mozilla/5.0 (Windows NT 10.0; Win64; x64) AppleWebKit/537.36 (KHTML like Gecko) QtWebEngine/5.12.1 Chrome/69.0.3497.128 Safari/537.36,?schemes=http&host=127.0.0.1:5635&path=/,127.0.0.1 
2019-05-17 09:10:49,FANCY-DP,GET/NSSCSoilDataAPI/SoilData,Mozilla/5.0 (Windows NT 10.0; Win64; x64; rv:66.0) Gecko/20100101 Firefox/66.0,?observedProperty=S_DESC_BY&providers=TasGovernment&format=xml,127.0.0.1 
2019-05-17 09:11:46,FANCY-DP,GET/__swagger__/,Mozilla/5.0 (Windows NT 10.0; Win64; x64) AppleWebKit/537.36 (KHTML like Gecko) QtWebEngine/5.12.1 Chrome/69.0.3497.128 Safari/537.36,,127.0.0.1 
2019-05-17 09:11:47,FANCY-DP,GET/swagger.json,Mozilla/5.0 (Windows NT 10.0; Win64; x64) AppleWebKit/537.36 (KHTML like Gecko) QtWebEngine/5.12.1 Chrome/69.0.3497.128 Safari/537.36,?schemes=http&host=127.0.0.1:5635&path=/,127.0.0.1 
2019-05-17 09:11:49,FANCY-DP,GET/NSSCSoilDataAPI/SoilData,Mozilla/5.0 (Windows NT 10.0; Win64; x64; rv:66.0) Gecko/20100101 Firefox/66.0,?observedProperty=S_DESC_BY&providers=TasGovernment&format=xml,127.0.0.1 
2019-05-17 09:12:07,FANCY-DP,GET/NSSCSoilDataAPI/SoilData,Mozilla/5.0 (Windows NT 10.0; Win64; x64; rv:66.0) Gecko/20100101 Firefox/66.0,?observedProperty=S_DESC_BY&providers=TasGovernment,127.0.0.1 
2019-05-17 09:12:22,FANCY-DP,GET/NSSCSoilDataAPI/SoilData,Mozilla/5.0 (Windows NT 10.0; Win64; x64; rv:66.0) Gecko/20100101 Firefox/66.0,?observedProperty=S_DESC_BY&providers=VicGovernment,127.0.0.1 
2019-05-17 09:14:06,FANCY-DP,GET/__swagger__/,Mozilla/5.0 (Windows NT 10.0; Win64; x64) AppleWebKit/537.36 (KHTML like Gecko) QtWebEngine/5.12.1 Chrome/69.0.3497.128 Safari/537.36,,127.0.0.1 
2019-05-17 09:14:06,FANCY-DP,GET/swagger.json,Mozilla/5.0 (Windows NT 10.0; Win64; x64) AppleWebKit/537.36 (KHTML like Gecko) QtWebEngine/5.12.1 Chrome/69.0.3497.128 Safari/537.36,?schemes=http&host=127.0.0.1:5635&path=/,127.0.0.1 
2019-05-17 09:14:08,FANCY-DP,GET/NSSCSoilDataAPI/SoilData,Mozilla/5.0 (Windows NT 10.0; Win64; x64; rv:66.0) Gecko/20100101 Firefox/66.0,?observedProperty=S_DESC_BY&providers=VicGovernment,127.0.0.1 
2019-05-17 09:14:09,FANCY-DP,GET/favicon.ico,Mozilla/5.0 (Windows NT 10.0; Win64; x64; rv:66.0) Gecko/20100101 Firefox/66.0,, 
2019-05-17 09:15:25,FANCY-DP,GET/__swagger__/,Mozilla/5.0 (Windows NT 10.0; Win64; x64) AppleWebKit/537.36 (KHTML like Gecko) QtWebEngine/5.12.1 Chrome/69.0.3497.128 Safari/537.36,,127.0.0.1 
2019-05-17 09:15:25,FANCY-DP,GET/swagger.json,Mozilla/5.0 (Windows NT 10.0; Win64; x64) AppleWebKit/537.36 (KHTML like Gecko) QtWebEngine/5.12.1 Chrome/69.0.3497.128 Safari/537.36,?schemes=http&host=127.0.0.1:5635&path=/,127.0.0.1 
2019-05-17 09:15:27,FANCY-DP,GET/NSSCSoilDataAPI/SoilData,Mozilla/5.0 (Windows NT 10.0; Win64; x64; rv:66.0) Gecko/20100101 Firefox/66.0,?observedProperty=S_DESC_BY&providers=VicGovernment,127.0.0.1 
2019-05-17 09:16:59,FANCY-DP,GET/__swagger__/,Mozilla/5.0 (Windows NT 10.0; Win64; x64) AppleWebKit/537.36 (KHTML like Gecko) QtWebEngine/5.12.1 Chrome/69.0.3497.128 Safari/537.36,,127.0.0.1 
2019-05-17 09:16:59,FANCY-DP,GET/swagger.json,Mozilla/5.0 (Windows NT 10.0; Win64; x64) AppleWebKit/537.36 (KHTML like Gecko) QtWebEngine/5.12.1 Chrome/69.0.3497.128 Safari/537.36,?schemes=http&host=127.0.0.1:5635&path=/,127.0.0.1 
2019-05-17 09:17:02,FANCY-DP,GET/NSSCSoilDataAPI/SoilData,Mozilla/5.0 (Windows NT 10.0; Win64; x64; rv:66.0) Gecko/20100101 Firefox/66.0,?observedProperty=S_DESC_BY&providers=VicGovernment,127.0.0.1 
2019-05-17 09:21:39,FANCY-DP,GET/__swagger__/,Mozilla/5.0 (Windows NT 10.0; Win64; x64) AppleWebKit/537.36 (KHTML like Gecko) QtWebEngine/5.12.1 Chrome/69.0.3497.128 Safari/537.36,,127.0.0.1 
2019-05-17 09:21:39,FANCY-DP,GET/swagger.json,Mozilla/5.0 (Windows NT 10.0; Win64; x64) AppleWebKit/537.36 (KHTML like Gecko) QtWebEngine/5.12.1 Chrome/69.0.3497.128 Safari/537.36,?schemes=http&host=127.0.0.1:5635&path=/,127.0.0.1 
2019-05-17 09:21:46,FANCY-DP,GET/NSSCSoilDataAPI/SoilData,Mozilla/5.0 (Windows NT 10.0; Win64; x64; rv:66.0) Gecko/20100101 Firefox/66.0,?observedProperty=S_DESC_BY&providers=VicGovernment,127.0.0.1 
2019-05-17 09:23:34,FANCY-DP,GET/__swagger__/,Mozilla/5.0 (Windows NT 10.0; Win64; x64) AppleWebKit/537.36 (KHTML like Gecko) QtWebEngine/5.12.1 Chrome/69.0.3497.128 Safari/537.36,,127.0.0.1 
2019-05-17 09:23:34,FANCY-DP,GET/swagger.json,Mozilla/5.0 (Windows NT 10.0; Win64; x64) AppleWebKit/537.36 (KHTML like Gecko) QtWebEngine/5.12.1 Chrome/69.0.3497.128 Safari/537.36,?schemes=http&host=127.0.0.1:5635&path=/,127.0.0.1 
2019-05-17 09:23:37,FANCY-DP,GET/NSSCSoilDataAPI/SoilData,Mozilla/5.0 (Windows NT 10.0; Win64; x64; rv:66.0) Gecko/20100101 Firefox/66.0,?observedProperty=S_DESC_BY&providers=VicGovernment,127.0.0.1 
2019-05-17 09:29:07,FANCY-DP,GET/__swagger__/,Mozilla/5.0 (Windows NT 10.0; Win64; x64) AppleWebKit/537.36 (KHTML like Gecko) QtWebEngine/5.12.1 Chrome/69.0.3497.128 Safari/537.36,,127.0.0.1 
2019-05-17 09:29:07,FANCY-DP,GET/swagger.json,Mozilla/5.0 (Windows NT 10.0; Win64; x64) AppleWebKit/537.36 (KHTML like Gecko) QtWebEngine/5.12.1 Chrome/69.0.3497.128 Safari/537.36,?schemes=http&host=127.0.0.1:5635&path=/,127.0.0.1 
2019-05-17 09:29:09,FANCY-DP,GET/NSSCSoilDataAPI/SoilData,Mozilla/5.0 (Windows NT 10.0; Win64; x64; rv:66.0) Gecko/20100101 Firefox/66.0,?observedProperty=S_DESC_BY&providers=VicGovernment,127.0.0.1 
2019-05-17 09:34:53,FANCY-DP,GET/__swagger__/,Mozilla/5.0 (Windows NT 10.0; Win64; x64) AppleWebKit/537.36 (KHTML like Gecko) QtWebEngine/5.12.1 Chrome/69.0.3497.128 Safari/537.36,,127.0.0.1 
2019-05-17 09:34:54,FANCY-DP,GET/swagger.json,Mozilla/5.0 (Windows NT 10.0; Win64; x64) AppleWebKit/537.36 (KHTML like Gecko) QtWebEngine/5.12.1 Chrome/69.0.3497.128 Safari/537.36,?schemes=http&host=127.0.0.1:5635&path=/,127.0.0.1 
2019-05-17 09:34:56,FANCY-DP,GET/NSSCSoilDataAPI/SoilData,Mozilla/5.0 (Windows NT 10.0; Win64; x64; rv:66.0) Gecko/20100101 Firefox/66.0,?observedProperty=S_DESC_BY&providers=VicGovernment,127.0.0.1 
2019-05-17 09:38:14,FANCY-DP,GET/NSSCSoilDataAPI/SoilData,Mozilla/5.0 (Windows NT 10.0; Win64; x64; rv:66.0) Gecko/20100101 Firefox/66.0,?observedProperty=S_DESC_BY&providers=VicGovernment,127.0.0.1 
2019-05-17 09:38:27,FANCY-DP,GET/__swagger__/,Mozilla/5.0 (Windows NT 10.0; Win64; x64) AppleWebKit/537.36 (KHTML like Gecko) QtWebEngine/5.12.1 Chrome/69.0.3497.128 Safari/537.36,,127.0.0.1 
2019-05-17 09:38:27,FANCY-DP,GET/swagger.json,Mozilla/5.0 (Windows NT 10.0; Win64; x64) AppleWebKit/537.36 (KHTML like Gecko) QtWebEngine/5.12.1 Chrome/69.0.3497.128 Safari/537.36,?schemes=http&host=127.0.0.1:5635&path=/,127.0.0.1 
2019-05-17 09:38:31,FANCY-DP,GET/NSSCSoilDataAPI/SoilData,Mozilla/5.0 (Windows NT 10.0; Win64; x64; rv:66.0) Gecko/20100101 Firefox/66.0,?observedProperty=S_DESC_BY&providers=VicGovernment,127.0.0.1 
2019-05-17 09:38:55,FANCY-DP,GET/NSSCSoilDataAPI/SoilData,Mozilla/5.0 (Windows NT 10.0; Win64; x64; rv:66.0) Gecko/20100101 Firefox/66.0,?observedProperty=S_DESC_BY&providers=VicGovernment&key=Tenosol,127.0.0.1 
2019-05-17 09:43:50,FANCY-DP,GET/__swagger__/,Mozilla/5.0 (Windows NT 10.0; Win64; x64) AppleWebKit/537.36 (KHTML like Gecko) QtWebEngine/5.12.1 Chrome/69.0.3497.128 Safari/537.36,,127.0.0.1 
2019-05-17 09:43:50,FANCY-DP,GET/swagger.json,Mozilla/5.0 (Windows NT 10.0; Win64; x64) AppleWebKit/537.36 (KHTML like Gecko) QtWebEngine/5.12.1 Chrome/69.0.3497.128 Safari/537.36,?schemes=http&host=127.0.0.1:5635&path=/,127.0.0.1 
2019-05-17 09:43:59,FANCY-DP,GET/NSSCSoilDataAPI/SoilData,Mozilla/5.0 (Windows NT 10.0; Win64; x64; rv:66.0) Gecko/20100101 Firefox/66.0,?observedProperty=S_DESC_BY&providers=VicGovernment&key=Tenosol,127.0.0.1 
2019-05-17 09:44:43,FANCY-DP,GET/__swagger__/,Mozilla/5.0 (Windows NT 10.0; Win64; x64) AppleWebKit/537.36 (KHTML like Gecko) QtWebEngine/5.12.1 Chrome/69.0.3497.128 Safari/537.36,,127.0.0.1 
2019-05-17 09:44:43,FANCY-DP,GET/swagger.json,Mozilla/5.0 (Windows NT 10.0; Win64; x64) AppleWebKit/537.36 (KHTML like Gecko) QtWebEngine/5.12.1 Chrome/69.0.3497.128 Safari/537.36,?schemes=http&host=127.0.0.1:5635&path=/,127.0.0.1 
2019-05-17 09:44:46,FANCY-DP,GET/NSSCSoilDataAPI/SoilData,Mozilla/5.0 (Windows NT 10.0; Win64; x64; rv:66.0) Gecko/20100101 Firefox/66.0,?observedProperty=S_DESC_BY&providers=VicGovernment&key=Tenosol,127.0.0.1 
2019-05-17 09:50:59,FANCY-DP,GET/__swagger__/,Mozilla/5.0 (Windows NT 10.0; Win64; x64) AppleWebKit/537.36 (KHTML like Gecko) QtWebEngine/5.12.1 Chrome/69.0.3497.128 Safari/537.36,,127.0.0.1 
2019-05-17 09:50:59,FANCY-DP,GET/swagger.json,Mozilla/5.0 (Windows NT 10.0; Win64; x64) AppleWebKit/537.36 (KHTML like Gecko) QtWebEngine/5.12.1 Chrome/69.0.3497.128 Safari/537.36,?schemes=http&host=127.0.0.1:5635&path=/,127.0.0.1 
2019-05-17 10:02:05,FANCY-DP,GET/__swagger__/,Mozilla/5.0 (Windows NT 10.0; Win64; x64) AppleWebKit/537.36 (KHTML like Gecko) QtWebEngine/5.12.1 Chrome/69.0.3497.128 Safari/537.36,,127.0.0.1 
2019-05-17 10:02:06,FANCY-DP,GET/swagger.json,Mozilla/5.0 (Windows NT 10.0; Win64; x64) AppleWebKit/537.36 (KHTML like Gecko) QtWebEngine/5.12.1 Chrome/69.0.3497.128 Safari/537.36,?schemes=http&host=127.0.0.1:5635&path=/,127.0.0.1 
2019-05-17 10:25:27,FANCY-DP,GET/__swagger__/,Mozilla/5.0 (Windows NT 10.0; Win64; x64) AppleWebKit/537.36 (KHTML like Gecko) QtWebEngine/5.12.1 Chrome/69.0.3497.128 Safari/537.36,,127.0.0.1 
2019-05-17 10:25:28,FANCY-DP,GET/swagger.json,Mozilla/5.0 (Windows NT 10.0; Win64; x64) AppleWebKit/537.36 (KHTML like Gecko) QtWebEngine/5.12.1 Chrome/69.0.3497.128 Safari/537.36,?schemes=http&host=127.0.0.1:5635&path=/,127.0.0.1 
2019-05-17 10:25:33,FANCY-DP,GET/SoilDataAPI/Providers,Mozilla/5.0 (Windows NT 10.0; Win64; x64) AppleWebKit/537.36 (KHTML like Gecko) QtWebEngine/5.12.1 Chrome/69.0.3497.128 Safari/537.36,,127.0.0.1 
2019-05-17 10:26:39,FANCY-DP,GET/__swagger__/,Mozilla/5.0 (Windows NT 10.0; Win64; x64) AppleWebKit/537.36 (KHTML like Gecko) QtWebEngine/5.12.1 Chrome/69.0.3497.128 Safari/537.36,,127.0.0.1 
2019-05-17 10:26:39,FANCY-DP,GET/swagger.json,Mozilla/5.0 (Windows NT 10.0; Win64; x64) AppleWebKit/537.36 (KHTML like Gecko) QtWebEngine/5.12.1 Chrome/69.0.3497.128 Safari/537.36,?schemes=http&host=127.0.0.1:5635&path=/,127.0.0.1 
2019-05-17 10:26:43,FANCY-DP,GET/SoilDataAPI/Providers,Mozilla/5.0 (Windows NT 10.0; Win64; x64) AppleWebKit/537.36 (KHTML like Gecko) QtWebEngine/5.12.1 Chrome/69.0.3497.128 Safari/537.36,,127.0.0.1 
2019-05-17 10:27:20,FANCY-DP,GET/SoilDataAPI/Providers,Mozilla/5.0 (Windows NT 10.0; Win64; x64) AppleWebKit/537.36 (KHTML like Gecko) Chrome/74.0.3729.131 Safari/537.36,,127.0.0.1 
2019-05-17 10:48:11,FANCY-DP,GET/__swagger__/,Mozilla/5.0 (Windows NT 10.0; Win64; x64) AppleWebKit/537.36 (KHTML like Gecko) QtWebEngine/5.12.1 Chrome/69.0.3497.128 Safari/537.36,,127.0.0.1 
2019-05-17 10:48:11,FANCY-DP,GET/swagger.json,Mozilla/5.0 (Windows NT 10.0; Win64; x64) AppleWebKit/537.36 (KHTML like Gecko) QtWebEngine/5.12.1 Chrome/69.0.3497.128 Safari/537.36,?schemes=http&host=127.0.0.1:5635&path=/,127.0.0.1 
2019-05-17 10:52:35,FANCY-DP,GET/__swagger__/,Mozilla/5.0 (Windows NT 10.0; Win64; x64) AppleWebKit/537.36 (KHTML like Gecko) QtWebEngine/5.12.1 Chrome/69.0.3497.128 Safari/537.36,,127.0.0.1 
2019-05-17 10:52:35,FANCY-DP,GET/swagger.json,Mozilla/5.0 (Windows NT 10.0; Win64; x64) AppleWebKit/537.36 (KHTML like Gecko) QtWebEngine/5.12.1 Chrome/69.0.3497.128 Safari/537.36,?schemes=http&host=127.0.0.1:5635&path=/,127.0.0.1 
2019-05-17 10:52:42,FANCY-DP,GET/__swagger__/,Mozilla/5.0 (Windows NT 10.0; Win64; x64) AppleWebKit/537.36 (KHTML like Gecko) QtWebEngine/5.12.1 Chrome/69.0.3497.128 Safari/537.36,,127.0.0.1 
2019-05-17 10:52:42,FANCY-DP,GET/swagger.json,Mozilla/5.0 (Windows NT 10.0; Win64; x64) AppleWebKit/537.36 (KHTML like Gecko) QtWebEngine/5.12.1 Chrome/69.0.3497.128 Safari/537.36,?schemes=http&host=127.0.0.1:5635&path=/,127.0.0.1 
2019-05-17 10:52:47,FANCY-DP,GET/SoilDataAPI/Properties,Mozilla/5.0 (Windows NT 10.0; Win64; x64) AppleWebKit/537.36 (KHTML like Gecko) QtWebEngine/5.12.1 Chrome/69.0.3497.128 Safari/537.36,,127.0.0.1 
2019-05-17 10:53:46,FANCY-DP,GET/__swagger__/,Mozilla/5.0 (Windows NT 10.0; Win64; x64) AppleWebKit/537.36 (KHTML like Gecko) QtWebEngine/5.12.1 Chrome/69.0.3497.128 Safari/537.36,,127.0.0.1 
2019-05-17 10:53:46,FANCY-DP,GET/swagger.json,Mozilla/5.0 (Windows NT 10.0; Win64; x64) AppleWebKit/537.36 (KHTML like Gecko) QtWebEngine/5.12.1 Chrome/69.0.3497.128 Safari/537.36,?schemes=http&host=127.0.0.1:5635&path=/,127.0.0.1 
2019-05-17 10:53:51,FANCY-DP,GET/SoilDataAPI/Properties,Mozilla/5.0 (Windows NT 10.0; Win64; x64) AppleWebKit/537.36 (KHTML like Gecko) QtWebEngine/5.12.1 Chrome/69.0.3497.128 Safari/537.36,,127.0.0.1 
2019-05-17 11:23:13,FANCY-DP,GET/__swagger__/,Mozilla/5.0 (Windows NT 10.0; Win64; x64) AppleWebKit/537.36 (KHTML like Gecko) QtWebEngine/5.12.1 Chrome/69.0.3497.128 Safari/537.36,,127.0.0.1 
2019-05-17 11:23:13,FANCY-DP,GET/swagger.json,Mozilla/5.0 (Windows NT 10.0; Win64; x64) AppleWebKit/537.36 (KHTML like Gecko) QtWebEngine/5.12.1 Chrome/69.0.3497.128 Safari/537.36,?schemes=http&host=127.0.0.1:5635&path=/,127.0.0.1 
2019-05-17 11:23:25,FANCY-DP,GET/SoilDataAPI/Properties,Mozilla/5.0 (Windows NT 10.0; Win64; x64) AppleWebKit/537.36 (KHTML like Gecko) QtWebEngine/5.12.1 Chrome/69.0.3497.128 Safari/537.36,?PropertyGroup=PH,127.0.0.1 
2019-05-17 11:23:36,FANCY-DP,GET/SoilDataAPI/Properties,Mozilla/5.0 (Windows NT 10.0; Win64; x64) AppleWebKit/537.36 (KHTML like Gecko) QtWebEngine/5.12.1 Chrome/69.0.3497.128 Safari/537.36,,127.0.0.1 
2019-05-17 11:24:06,FANCY-DP,GET/SoilDataAPI/Properties,Mozilla/5.0 (Windows NT 10.0; Win64; x64) AppleWebKit/537.36 (KHTML like Gecko) QtWebEngine/5.12.1 Chrome/69.0.3497.128 Safari/537.36,?verbose=False,127.0.0.1 
2019-05-17 11:34:35,FANCY-DP,GET/__swagger__/,Mozilla/5.0 (Windows NT 10.0; Win64; x64) AppleWebKit/537.36 (KHTML like Gecko) QtWebEngine/5.12.1 Chrome/69.0.3497.128 Safari/537.36,,127.0.0.1 
2019-05-17 11:34:35,FANCY-DP,GET/swagger.json,Mozilla/5.0 (Windows NT 10.0; Win64; x64) AppleWebKit/537.36 (KHTML like Gecko) QtWebEngine/5.12.1 Chrome/69.0.3497.128 Safari/537.36,?schemes=http&host=127.0.0.1:5635&path=/,127.0.0.1 
2019-05-17 11:34:43,FANCY-DP,GET/SoilDataAPI/Properties,Mozilla/5.0 (Windows NT 10.0; Win64; x64) AppleWebKit/537.36 (KHTML like Gecko) QtWebEngine/5.12.1 Chrome/69.0.3497.128 Safari/537.36,?PropertyGroup=PH,127.0.0.1 
2019-05-17 11:34:52,FANCY-DP,GET/SoilDataAPI/Properties,Mozilla/5.0 (Windows NT 10.0; Win64; x64) AppleWebKit/537.36 (KHTML like Gecko) QtWebEngine/5.12.1 Chrome/69.0.3497.128 Safari/537.36,?PropertyGroup=PH&verbose=F,127.0.0.1 
2019-05-17 11:35:00,FANCY-DP,GET/SoilDataAPI/Properties,Mozilla/5.0 (Windows NT 10.0; Win64; x64) AppleWebKit/537.36 (KHTML like Gecko) QtWebEngine/5.12.1 Chrome/69.0.3497.128 Safari/537.36,?PropertyGroup=PH&verbose=T,127.0.0.1 
2019-05-17 11:35:07,FANCY-DP,GET/SoilDataAPI/Properties,Mozilla/5.0 (Windows NT 10.0; Win64; x64) AppleWebKit/537.36 (KHTML like Gecko) QtWebEngine/5.12.1 Chrome/69.0.3497.128 Safari/537.36,?verbose=T,127.0.0.1 
2019-05-17 11:35:13,FANCY-DP,GET/SoilDataAPI/Properties,Mozilla/5.0 (Windows NT 10.0; Win64; x64) AppleWebKit/537.36 (KHTML like Gecko) QtWebEngine/5.12.1 Chrome/69.0.3497.128 Safari/537.36,?verbose=F,127.0.0.1 
2019-05-17 11:36:00,FANCY-DP,GET/__swagger__/,Mozilla/5.0 (Windows NT 10.0; Win64; x64) AppleWebKit/537.36 (KHTML like Gecko) QtWebEngine/5.12.1 Chrome/69.0.3497.128 Safari/537.36,,127.0.0.1 
2019-05-17 11:36:00,FANCY-DP,GET/swagger.json,Mozilla/5.0 (Windows NT 10.0; Win64; x64) AppleWebKit/537.36 (KHTML like Gecko) QtWebEngine/5.12.1 Chrome/69.0.3497.128 Safari/537.36,?schemes=http&host=127.0.0.1:5635&path=/,127.0.0.1 
2019-05-17 11:36:06,FANCY-DP,GET/SoilDataAPI/Providers,Mozilla/5.0 (Windows NT 10.0; Win64; x64) AppleWebKit/537.36 (KHTML like Gecko) QtWebEngine/5.12.1 Chrome/69.0.3497.128 Safari/537.36,,127.0.0.1 
2019-05-17 11:36:11,FANCY-DP,GET/SoilDataAPI/Providers,Mozilla/5.0 (Windows NT 10.0; Win64; x64) AppleWebKit/537.36 (KHTML like Gecko) QtWebEngine/5.12.1 Chrome/69.0.3497.128 Safari/537.36,?format=xml,127.0.0.1 
2019-05-17 11:36:45,FANCY-DP,GET/SoilDataAPI/Properties,Mozilla/5.0 (Windows NT 10.0; Win64; x64) AppleWebKit/537.36 (KHTML like Gecko) QtWebEngine/5.12.1 Chrome/69.0.3497.128 Safari/537.36,,127.0.0.1 
2019-05-17 11:36:54,FANCY-DP,GET/SoilDataAPI/Properties,Mozilla/5.0 (Windows NT 10.0; Win64; x64) AppleWebKit/537.36 (KHTML like Gecko) QtWebEngine/5.12.1 Chrome/69.0.3497.128 Safari/537.36,?format=xml,127.0.0.1 
2019-05-17 11:37:30,FANCY-DP,GET/__swagger__/,Mozilla/5.0 (Windows NT 10.0; Win64; x64) AppleWebKit/537.36 (KHTML like Gecko) QtWebEngine/5.12.1 Chrome/69.0.3497.128 Safari/537.36,,127.0.0.1 
2019-05-17 11:37:30,FANCY-DP,GET/swagger.json,Mozilla/5.0 (Windows NT 10.0; Win64; x64) AppleWebKit/537.36 (KHTML like Gecko) QtWebEngine/5.12.1 Chrome/69.0.3497.128 Safari/537.36,?schemes=http&host=127.0.0.1:5635&path=/,127.0.0.1 
2019-05-17 11:37:42,FANCY-DP,GET/SoilDataAPI/Properties,Mozilla/5.0 (Windows NT 10.0; Win64; x64) AppleWebKit/537.36 (KHTML like Gecko) QtWebEngine/5.12.1 Chrome/69.0.3497.128 Safari/537.36,?format=xml,127.0.0.1 
2019-05-17 11:38:23,FANCY-DP,GET/SoilDataAPI/Properties,Mozilla/5.0 (Windows NT 10.0; Win64; x64) AppleWebKit/537.36 (KHTML like Gecko) QtWebEngine/5.12.1 Chrome/69.0.3497.128 Safari/537.36,?format=csv,127.0.0.1 
2019-05-17 11:38:53,FANCY-DP,GET/SoilDataAPI/Properties,Mozilla/5.0 (Windows NT 10.0; Win64; x64) AppleWebKit/537.36 (KHTML like Gecko) Chrome/74.0.3729.131 Safari/537.36,?format=csv,127.0.0.1 
2019-05-17 11:39:38,FANCY-DP,GET/SoilDataAPI/Properties,Mozilla/5.0 (Windows NT 10.0; Win64; x64) AppleWebKit/537.36 (KHTML like Gecko) Chrome/74.0.3729.131 Safari/537.36,?format=xml,127.0.0.1 
2019-05-17 11:39:39,FANCY-DP,GET/SoilDataAPI/Properties,Mozilla/5.0 (Windows NT 10.0; Win64; x64) AppleWebKit/537.36 (KHTML like Gecko) Chrome/74.0.3729.131 Safari/537.36,?format=xml,127.0.0.1 
2019-05-17 11:42:16,FANCY-DP,GET/__swagger__/,Mozilla/5.0 (Windows NT 10.0; Win64; x64) AppleWebKit/537.36 (KHTML like Gecko) QtWebEngine/5.12.1 Chrome/69.0.3497.128 Safari/537.36,,127.0.0.1 
2019-05-17 11:42:17,FANCY-DP,GET/swagger.json,Mozilla/5.0 (Windows NT 10.0; Win64; x64) AppleWebKit/537.36 (KHTML like Gecko) QtWebEngine/5.12.1 Chrome/69.0.3497.128 Safari/537.36,?schemes=http&host=127.0.0.1:5635&path=/,127.0.0.1 
2019-05-17 11:42:27,FANCY-DP,GET/SoilDataAPI/Properties,Mozilla/5.0 (Windows NT 10.0; Win64; x64) AppleWebKit/537.36 (KHTML like Gecko) QtWebEngine/5.12.1 Chrome/69.0.3497.128 Safari/537.36,?format=xml,127.0.0.1 
2019-05-17 11:50:59,FANCY-DP,GET/__swagger__/,Mozilla/5.0 (Windows NT 10.0; Win64; x64) AppleWebKit/537.36 (KHTML like Gecko) QtWebEngine/5.12.1 Chrome/69.0.3497.128 Safari/537.36,,127.0.0.1 
2019-05-17 11:51:00,FANCY-DP,GET/swagger.json,Mozilla/5.0 (Windows NT 10.0; Win64; x64) AppleWebKit/537.36 (KHTML like Gecko) QtWebEngine/5.12.1 Chrome/69.0.3497.128 Safari/537.36,?schemes=http&host=127.0.0.1:5635&path=/,127.0.0.1 
2019-05-17 11:55:22,FANCY-DP,GET/__swagger__/,Mozilla/5.0 (Windows NT 10.0; Win64; x64) AppleWebKit/537.36 (KHTML like Gecko) QtWebEngine/5.12.1 Chrome/69.0.3497.128 Safari/537.36,,127.0.0.1 
2019-05-17 11:55:22,FANCY-DP,GET/swagger.json,Mozilla/5.0 (Windows NT 10.0; Win64; x64) AppleWebKit/537.36 (KHTML like Gecko) QtWebEngine/5.12.1 Chrome/69.0.3497.128 Safari/537.36,?schemes=http&host=127.0.0.1:5635&path=/,127.0.0.1 
2019-05-17 11:55:32,FANCY-DP,GET/SoilDataAPI/Properties,Mozilla/5.0 (Windows NT 10.0; Win64; x64) AppleWebKit/537.36 (KHTML like Gecko) QtWebEngine/5.12.1 Chrome/69.0.3497.128 Safari/537.36,?verbose=T&format=xml,127.0.0.1 
2019-05-17 11:55:49,FANCY-DP,GET/SoilDataAPI/Properties,Mozilla/5.0 (Windows NT 10.0; Win64; x64) AppleWebKit/537.36 (KHTML like Gecko) Chrome/74.0.3729.131 Safari/537.36,?format=xml,127.0.0.1 
2019-05-17 11:56:16,FANCY-DP,GET/SoilDataAPI/Properties,Mozilla/5.0 (Windows NT 10.0; Win64; x64) AppleWebKit/537.36 (KHTML like Gecko) Chrome/74.0.3729.131 Safari/537.36,?format=xml,127.0.0.1 
2019-05-17 12:01:02,FANCY-DP,GET/__swagger__/,Mozilla/5.0 (Windows NT 10.0; Win64; x64) AppleWebKit/537.36 (KHTML like Gecko) QtWebEngine/5.12.1 Chrome/69.0.3497.128 Safari/537.36,,127.0.0.1 
2019-05-17 12:01:02,FANCY-DP,GET/swagger.json,Mozilla/5.0 (Windows NT 10.0; Win64; x64) AppleWebKit/537.36 (KHTML like Gecko) QtWebEngine/5.12.1 Chrome/69.0.3497.128 Safari/537.36,?schemes=http&host=127.0.0.1:5635&path=/,127.0.0.1 
2019-05-17 12:01:13,FANCY-DP,GET/SoilDataAPI/PropertyGroups,Mozilla/5.0 (Windows NT 10.0; Win64; x64) AppleWebKit/537.36 (KHTML like Gecko) QtWebEngine/5.12.1 Chrome/69.0.3497.128 Safari/537.36,,127.0.0.1 
2019-05-17 12:01:29,FANCY-DP,GET/__swagger__/,Mozilla/5.0 (Windows NT 10.0; Win64; x64) AppleWebKit/537.36 (KHTML like Gecko) QtWebEngine/5.12.1 Chrome/69.0.3497.128 Safari/537.36,,127.0.0.1 
2019-05-17 12:01:29,FANCY-DP,GET/swagger.json,Mozilla/5.0 (Windows NT 10.0; Win64; x64) AppleWebKit/537.36 (KHTML like Gecko) QtWebEngine/5.12.1 Chrome/69.0.3497.128 Safari/537.36,?schemes=http&host=127.0.0.1:5635&path=/,127.0.0.1 
2019-05-17 12:01:34,FANCY-DP,GET/SoilDataAPI/PropertyGroups,Mozilla/5.0 (Windows NT 10.0; Win64; x64) AppleWebKit/537.36 (KHTML like Gecko) QtWebEngine/5.12.1 Chrome/69.0.3497.128 Safari/537.36,,127.0.0.1 
2019-05-17 12:01:50,FANCY-DP,GET/SoilDataAPI/PropertyGroups,Mozilla/5.0 (Windows NT 10.0; Win64; x64) AppleWebKit/537.36 (KHTML like Gecko) QtWebEngine/5.12.1 Chrome/69.0.3497.128 Safari/537.36,?format=xml,127.0.0.1 
2019-05-17 12:02:05,FANCY-DP,GET/SoilDataAPI/PropertyGroups,Mozilla/5.0 (Windows NT 10.0; Win64; x64) AppleWebKit/537.36 (KHTML like Gecko) QtWebEngine/5.12.1 Chrome/69.0.3497.128 Safari/537.36,?format=csv,127.0.0.1 
2019-05-17 12:02:53,FANCY-DP,GET/SoilDataAPI/PropertyGroups,Mozilla/5.0 (Windows NT 10.0; Win64; x64) AppleWebKit/537.36 (KHTML like Gecko) Chrome/74.0.3729.131 Safari/537.36,?format=csv,127.0.0.1 
2019-05-17 12:03:22,FANCY-DP,GET/SoilDataAPI/PropertyGroups,Mozilla/5.0 (Windows NT 10.0; Win64; x64) AppleWebKit/537.36 (KHTML like Gecko) QtWebEngine/5.12.1 Chrome/69.0.3497.128 Safari/537.36,,127.0.0.1 
2019-05-17 12:03:44,FANCY-DP,GET/SoilDataAPI/PropertyGroups,Mozilla/5.0 (Windows NT 10.0; Win64; x64) AppleWebKit/537.36 (KHTML like Gecko) Chrome/74.0.3729.131 Safari/537.36,?format=json,127.0.0.1 
2019-05-17 12:03:56,FANCY-DP,GET/SoilDataAPI/PropertyGroups,Mozilla/5.0 (Windows NT 10.0; Win64; x64) AppleWebKit/537.36 (KHTML like Gecko) Chrome/74.0.3729.131 Safari/537.36,?format=csv,127.0.0.1 
2019-05-17 12:04:35,FANCY-DP,GET/SoilDataAPI/PropertyGroups,Mozilla/5.0 (Windows NT 10.0; Win64; x64) AppleWebKit/537.36 (KHTML like Gecko) Chrome/74.0.3729.131 Safari/537.36,?format=xml,127.0.0.1 
2019-05-17 12:06:36,FANCY-DP,GET/__swagger__/,Mozilla/5.0 (Windows NT 10.0; Win64; x64) AppleWebKit/537.36 (KHTML like Gecko) QtWebEngine/5.12.1 Chrome/69.0.3497.128 Safari/537.36,,127.0.0.1 
2019-05-17 12:06:37,FANCY-DP,GET/swagger.json,Mozilla/5.0 (Windows NT 10.0; Win64; x64) AppleWebKit/537.36 (KHTML like Gecko) QtWebEngine/5.12.1 Chrome/69.0.3497.128 Safari/537.36,?schemes=http&host=127.0.0.1:5635&path=/,127.0.0.1 
2019-05-17 12:06:55,FANCY-DP,GET/SoilDataAPI/PropertyGroups,Mozilla/5.0 (Windows NT 10.0; Win64; x64) AppleWebKit/537.36 (KHTML like Gecko) Chrome/74.0.3729.131 Safari/537.36,?format=xml,127.0.0.1 
2019-05-17 12:07:15,FANCY-DP,GET/SoilDataAPI/PropertyGroups,Mozilla/5.0 (Windows NT 10.0; Win64; x64) AppleWebKit/537.36 (KHTML like Gecko) Chrome/74.0.3729.131 Safari/537.36,?format=csv,127.0.0.1 
2019-05-17 12:08:46,FANCY-DP,GET/__swagger__/,Mozilla/5.0 (Windows NT 10.0; Win64; x64) AppleWebKit/537.36 (KHTML like Gecko) QtWebEngine/5.12.1 Chrome/69.0.3497.128 Safari/537.36,,127.0.0.1 
2019-05-17 12:08:46,FANCY-DP,GET/swagger.json,Mozilla/5.0 (Windows NT 10.0; Win64; x64) AppleWebKit/537.36 (KHTML like Gecko) QtWebEngine/5.12.1 Chrome/69.0.3497.128 Safari/537.36,?schemes=http&host=127.0.0.1:5635&path=/,127.0.0.1 
2019-05-17 12:08:52,FANCY-DP,GET/SoilDataAPI/PropertyGroups,Mozilla/5.0 (Windows NT 10.0; Win64; x64) AppleWebKit/537.36 (KHTML like Gecko) Chrome/74.0.3729.131 Safari/537.36,?format=csv,127.0.0.1 
2019-05-17 12:09:40,FANCY-DP,GET/__swagger__/,Mozilla/5.0 (Windows NT 10.0; Win64; x64) AppleWebKit/537.36 (KHTML like Gecko) QtWebEngine/5.12.1 Chrome/69.0.3497.128 Safari/537.36,,127.0.0.1 
2019-05-17 12:09:41,FANCY-DP,GET/swagger.json,Mozilla/5.0 (Windows NT 10.0; Win64; x64) AppleWebKit/537.36 (KHTML like Gecko) QtWebEngine/5.12.1 Chrome/69.0.3497.128 Safari/537.36,?schemes=http&host=127.0.0.1:5635&path=/,127.0.0.1 
2019-05-17 12:09:44,FANCY-DP,GET/SoilDataAPI/PropertyGroups,Mozilla/5.0 (Windows NT 10.0; Win64; x64) AppleWebKit/537.36 (KHTML like Gecko) Chrome/74.0.3729.131 Safari/537.36,?format=csv,127.0.0.1 
2019-05-17 12:09:57,FANCY-DP,GET/SoilDataAPI/PropertyGroups,Mozilla/5.0 (Windows NT 10.0; Win64; x64) AppleWebKit/537.36 (KHTML like Gecko) QtWebEngine/5.12.1 Chrome/69.0.3497.128 Safari/537.36,,127.0.0.1 
2019-05-17 12:10:06,FANCY-DP,GET/SoilDataAPI/PropertyGroups,Mozilla/5.0 (Windows NT 10.0; Win64; x64) AppleWebKit/537.36 (KHTML like Gecko) QtWebEngine/5.12.1 Chrome/69.0.3497.128 Safari/537.36,?format=csv,127.0.0.1 
2019-05-17 12:12:40,FANCY-DP,GET/__swagger__/,Mozilla/5.0 (Windows NT 10.0; Win64; x64) AppleWebKit/537.36 (KHTML like Gecko) QtWebEngine/5.12.1 Chrome/69.0.3497.128 Safari/537.36,,127.0.0.1 
2019-05-17 12:12:40,FANCY-DP,GET/swagger.json,Mozilla/5.0 (Windows NT 10.0; Win64; x64) AppleWebKit/537.36 (KHTML like Gecko) QtWebEngine/5.12.1 Chrome/69.0.3497.128 Safari/537.36,?schemes=http&host=127.0.0.1:5635&path=/,127.0.0.1 
2019-05-17 12:12:48,FANCY-DP,GET/SoilDataAPI/PropertyGroups,Mozilla/5.0 (Windows NT 10.0; Win64; x64) AppleWebKit/537.36 (KHTML like Gecko) Chrome/74.0.3729.131 Safari/537.36,?format=csv,127.0.0.1 
2019-05-17 12:13:11,FANCY-DP,GET/__swagger__/,Mozilla/5.0 (Windows NT 10.0; Win64; x64) AppleWebKit/537.36 (KHTML like Gecko) QtWebEngine/5.12.1 Chrome/69.0.3497.128 Safari/537.36,,127.0.0.1 
2019-05-17 12:13:11,FANCY-DP,GET/swagger.json,Mozilla/5.0 (Windows NT 10.0; Win64; x64) AppleWebKit/537.36 (KHTML like Gecko) QtWebEngine/5.12.1 Chrome/69.0.3497.128 Safari/537.36,?schemes=http&host=127.0.0.1:5635&path=/,127.0.0.1 
2019-05-17 12:13:16,FANCY-DP,GET/SoilDataAPI/PropertyGroups,Mozilla/5.0 (Windows NT 10.0; Win64; x64) AppleWebKit/537.36 (KHTML like Gecko) Chrome/74.0.3729.131 Safari/537.36,?format=csv,127.0.0.1 
2019-05-17 12:13:22,FANCY-DP,GET/SoilDataAPI/PropertyGroups,Mozilla/5.0 (Windows NT 10.0; Win64; x64) AppleWebKit/537.36 (KHTML like Gecko) Chrome/74.0.3729.131 Safari/537.36,?format=json,127.0.0.1 
2019-05-17 12:13:28,FANCY-DP,GET/SoilDataAPI/PropertyGroups,Mozilla/5.0 (Windows NT 10.0; Win64; x64) AppleWebKit/537.36 (KHTML like Gecko) Chrome/74.0.3729.131 Safari/537.36,?format=csv,127.0.0.1 
2019-05-17 12:14:10,FANCY-DP,GET/__swagger__/,Mozilla/5.0 (Windows NT 10.0; Win64; x64) AppleWebKit/537.36 (KHTML like Gecko) QtWebEngine/5.12.1 Chrome/69.0.3497.128 Safari/537.36,,127.0.0.1 
2019-05-17 12:14:10,FANCY-DP,GET/swagger.json,Mozilla/5.0 (Windows NT 10.0; Win64; x64) AppleWebKit/537.36 (KHTML like Gecko) QtWebEngine/5.12.1 Chrome/69.0.3497.128 Safari/537.36,?schemes=http&host=127.0.0.1:5635&path=/,127.0.0.1 
2019-05-17 12:14:15,FANCY-DP,GET/SoilDataAPI/PropertyGroups,Mozilla/5.0 (Windows NT 10.0; Win64; x64) AppleWebKit/537.36 (KHTML like Gecko) Chrome/74.0.3729.131 Safari/537.36,?format=csv,127.0.0.1 
2019-05-17 12:14:40,FANCY-DP,GET/__swagger__/,Mozilla/5.0 (Windows NT 10.0; Win64; x64) AppleWebKit/537.36 (KHTML like Gecko) QtWebEngine/5.12.1 Chrome/69.0.3497.128 Safari/537.36,,127.0.0.1 
2019-05-17 12:14:40,FANCY-DP,GET/swagger.json,Mozilla/5.0 (Windows NT 10.0; Win64; x64) AppleWebKit/537.36 (KHTML like Gecko) QtWebEngine/5.12.1 Chrome/69.0.3497.128 Safari/537.36,?schemes=http&host=127.0.0.1:5635&path=/,127.0.0.1 
2019-05-17 12:14:47,FANCY-DP,GET/SoilDataAPI/PropertyGroups,Mozilla/5.0 (Windows NT 10.0; Win64; x64) AppleWebKit/537.36 (KHTML like Gecko) Chrome/74.0.3729.131 Safari/537.36,?format=csv,127.0.0.1 
2019-05-17 12:15:37,FANCY-DP,GET/__swagger__/,Mozilla/5.0 (Windows NT 10.0; Win64; x64) AppleWebKit/537.36 (KHTML like Gecko) QtWebEngine/5.12.1 Chrome/69.0.3497.128 Safari/537.36,,127.0.0.1 
2019-05-17 12:15:37,FANCY-DP,GET/swagger.json,Mozilla/5.0 (Windows NT 10.0; Win64; x64) AppleWebKit/537.36 (KHTML like Gecko) QtWebEngine/5.12.1 Chrome/69.0.3497.128 Safari/537.36,?schemes=http&host=127.0.0.1:5635&path=/,127.0.0.1 
2019-05-17 12:15:42,FANCY-DP,GET/SoilDataAPI/PropertyGroups,Mozilla/5.0 (Windows NT 10.0; Win64; x64) AppleWebKit/537.36 (KHTML like Gecko) Chrome/74.0.3729.131 Safari/537.36,?format=csv,127.0.0.1 
2019-05-17 12:16:26,FANCY-DP,GET/__swagger__/,Mozilla/5.0 (Windows NT 10.0; Win64; x64) AppleWebKit/537.36 (KHTML like Gecko) QtWebEngine/5.12.1 Chrome/69.0.3497.128 Safari/537.36,,127.0.0.1 
2019-05-17 12:16:27,FANCY-DP,GET/swagger.json,Mozilla/5.0 (Windows NT 10.0; Win64; x64) AppleWebKit/537.36 (KHTML like Gecko) QtWebEngine/5.12.1 Chrome/69.0.3497.128 Safari/537.36,?schemes=http&host=127.0.0.1:5635&path=/,127.0.0.1 
2019-05-17 12:16:33,FANCY-DP,GET/SoilDataAPI/PropertyGroups,Mozilla/5.0 (Windows NT 10.0; Win64; x64) AppleWebKit/537.36 (KHTML like Gecko) Chrome/74.0.3729.131 Safari/537.36,?format=csv,127.0.0.1 
2019-05-17 12:17:41,FANCY-DP,GET/__swagger__/,Mozilla/5.0 (Windows NT 10.0; Win64; x64) AppleWebKit/537.36 (KHTML like Gecko) QtWebEngine/5.12.1 Chrome/69.0.3497.128 Safari/537.36,,127.0.0.1 
2019-05-17 12:17:41,FANCY-DP,GET/swagger.json,Mozilla/5.0 (Windows NT 10.0; Win64; x64) AppleWebKit/537.36 (KHTML like Gecko) QtWebEngine/5.12.1 Chrome/69.0.3497.128 Safari/537.36,?schemes=http&host=127.0.0.1:5635&path=/,127.0.0.1 
2019-05-17 12:17:49,FANCY-DP,GET/SoilDataAPI/PropertyGroups,Mozilla/5.0 (Windows NT 10.0; Win64; x64) AppleWebKit/537.36 (KHTML like Gecko) Chrome/74.0.3729.131 Safari/537.36,?format=csv,127.0.0.1 
2019-05-17 12:18:23,FANCY-DP,GET/SoilDataAPI/PropertyGroups,Mozilla/5.0 (Windows NT 10.0; Win64; x64) AppleWebKit/537.36 (KHTML like Gecko) Chrome/74.0.3729.131 Safari/537.36,?format=xml,127.0.0.1 
2019-05-17 12:18:59,FANCY-DP,GET/__swagger__/,Mozilla/5.0 (Windows NT 10.0; Win64; x64) AppleWebKit/537.36 (KHTML like Gecko) QtWebEngine/5.12.1 Chrome/69.0.3497.128 Safari/537.36,,127.0.0.1 
2019-05-17 12:18:59,FANCY-DP,GET/swagger.json,Mozilla/5.0 (Windows NT 10.0; Win64; x64) AppleWebKit/537.36 (KHTML like Gecko) QtWebEngine/5.12.1 Chrome/69.0.3497.128 Safari/537.36,?schemes=http&host=127.0.0.1:5635&path=/,127.0.0.1 
2019-05-17 12:19:02,FANCY-DP,GET/SoilDataAPI/PropertyGroups,Mozilla/5.0 (Windows NT 10.0; Win64; x64) AppleWebKit/537.36 (KHTML like Gecko) Chrome/74.0.3729.131 Safari/537.36,?format=xml,127.0.0.1 
2019-05-17 12:19:24,FANCY-DP,GET/__swagger__/,Mozilla/5.0 (Windows NT 10.0; Win64; x64) AppleWebKit/537.36 (KHTML like Gecko) QtWebEngine/5.12.1 Chrome/69.0.3497.128 Safari/537.36,,127.0.0.1 
2019-05-17 12:19:24,FANCY-DP,GET/swagger.json,Mozilla/5.0 (Windows NT 10.0; Win64; x64) AppleWebKit/537.36 (KHTML like Gecko) QtWebEngine/5.12.1 Chrome/69.0.3497.128 Safari/537.36,?schemes=http&host=127.0.0.1:5635&path=/,127.0.0.1 
2019-05-17 12:19:26,FANCY-DP,GET/SoilDataAPI/PropertyGroups,Mozilla/5.0 (Windows NT 10.0; Win64; x64) AppleWebKit/537.36 (KHTML like Gecko) Chrome/74.0.3729.131 Safari/537.36,?format=xml,127.0.0.1 
2019-05-17 12:20:28,FANCY-DP,GET/__swagger__/,Mozilla/5.0 (Windows NT 10.0; Win64; x64) AppleWebKit/537.36 (KHTML like Gecko) QtWebEngine/5.12.1 Chrome/69.0.3497.128 Safari/537.36,,127.0.0.1 
2019-05-17 12:20:28,FANCY-DP,GET/swagger.json,Mozilla/5.0 (Windows NT 10.0; Win64; x64) AppleWebKit/537.36 (KHTML like Gecko) QtWebEngine/5.12.1 Chrome/69.0.3497.128 Safari/537.36,?schemes=http&host=127.0.0.1:5635&path=/,127.0.0.1 
2019-05-17 12:20:31,FANCY-DP,GET/SoilDataAPI/PropertyGroups,Mozilla/5.0 (Windows NT 10.0; Win64; x64) AppleWebKit/537.36 (KHTML like Gecko) Chrome/74.0.3729.131 Safari/537.36,?format=xml,127.0.0.1 
2019-05-17 12:21:11,FANCY-DP,GET/SoilDataAPI/PropertyGroups,Mozilla/5.0 (Windows NT 10.0; Win64; x64) AppleWebKit/537.36 (KHTML like Gecko) Chrome/74.0.3729.131 Safari/537.36,?format=csv,127.0.0.1 
2019-05-17 12:21:17,FANCY-DP,GET/SoilDataAPI/PropertyGroups,Mozilla/5.0 (Windows NT 10.0; Win64; x64) AppleWebKit/537.36 (KHTML like Gecko) Chrome/74.0.3729.131 Safari/537.36,?format=json,127.0.0.1 
2019-05-17 12:21:24,FANCY-DP,GET/SoilDataAPI/PropertyGroups,Mozilla/5.0 (Windows NT 10.0; Win64; x64) AppleWebKit/537.36 (KHTML like Gecko) Chrome/74.0.3729.131 Safari/537.36,?format=csv,127.0.0.1 
2019-05-17 12:22:12,FANCY-DP,GET/SoilDataAPI/Properties,Mozilla/5.0 (Windows NT 10.0; Win64; x64) AppleWebKit/537.36 (KHTML like Gecko) Chrome/74.0.3729.131 Safari/537.36,?format=xml,127.0.0.1 
2019-05-17 12:22:52,FANCY-DP,GET/SoilDataAPI/PropertyGroups,Mozilla/5.0 (Windows NT 10.0; Win64; x64) AppleWebKit/537.36 (KHTML like Gecko) Chrome/74.0.3729.131 Safari/537.36,?format=xml,127.0.0.1 
2019-05-17 12:23:55,FANCY-DP,GET/__swagger__/,Mozilla/5.0 (Windows NT 10.0; Win64; x64) AppleWebKit/537.36 (KHTML like Gecko) QtWebEngine/5.12.1 Chrome/69.0.3497.128 Safari/537.36,,127.0.0.1 
2019-05-17 12:23:55,FANCY-DP,GET/swagger.json,Mozilla/5.0 (Windows NT 10.0; Win64; x64) AppleWebKit/537.36 (KHTML like Gecko) QtWebEngine/5.12.1 Chrome/69.0.3497.128 Safari/537.36,?schemes=http&host=127.0.0.1:5635&path=/,127.0.0.1 
2019-05-17 12:23:59,FANCY-DP,GET/SoilDataAPI/PropertyGroups,Mozilla/5.0 (Windows NT 10.0; Win64; x64) AppleWebKit/537.36 (KHTML like Gecko) Chrome/74.0.3729.131 Safari/537.36,?format=xml,127.0.0.1 
2019-05-17 12:24:31,FANCY-DP,GET/__swagger__/,Mozilla/5.0 (Windows NT 10.0; Win64; x64) AppleWebKit/537.36 (KHTML like Gecko) QtWebEngine/5.12.1 Chrome/69.0.3497.128 Safari/537.36,,127.0.0.1 
2019-05-17 12:24:31,FANCY-DP,GET/swagger.json,Mozilla/5.0 (Windows NT 10.0; Win64; x64) AppleWebKit/537.36 (KHTML like Gecko) QtWebEngine/5.12.1 Chrome/69.0.3497.128 Safari/537.36,?schemes=http&host=127.0.0.1:5635&path=/,127.0.0.1 
2019-05-17 12:24:33,FANCY-DP,GET/SoilDataAPI/PropertyGroups,Mozilla/5.0 (Windows NT 10.0; Win64; x64) AppleWebKit/537.36 (KHTML like Gecko) Chrome/74.0.3729.131 Safari/537.36,?format=xml,127.0.0.1 
2019-05-17 12:25:08,FANCY-DP,GET/__swagger__/,Mozilla/5.0 (Windows NT 10.0; Win64; x64) AppleWebKit/537.36 (KHTML like Gecko) QtWebEngine/5.12.1 Chrome/69.0.3497.128 Safari/537.36,,127.0.0.1 
2019-05-17 12:25:09,FANCY-DP,GET/swagger.json,Mozilla/5.0 (Windows NT 10.0; Win64; x64) AppleWebKit/537.36 (KHTML like Gecko) QtWebEngine/5.12.1 Chrome/69.0.3497.128 Safari/537.36,?schemes=http&host=127.0.0.1:5635&path=/,127.0.0.1 
2019-05-17 12:25:10,FANCY-DP,GET/SoilDataAPI/PropertyGroups,Mozilla/5.0 (Windows NT 10.0; Win64; x64) AppleWebKit/537.36 (KHTML like Gecko) Chrome/74.0.3729.131 Safari/537.36,?format=xml,127.0.0.1 
2019-05-17 12:26:14,FANCY-DP,GET/__swagger__/,Mozilla/5.0 (Windows NT 10.0; Win64; x64) AppleWebKit/537.36 (KHTML like Gecko) QtWebEngine/5.12.1 Chrome/69.0.3497.128 Safari/537.36,,127.0.0.1 
2019-05-17 12:26:14,FANCY-DP,GET/swagger.json,Mozilla/5.0 (Windows NT 10.0; Win64; x64) AppleWebKit/537.36 (KHTML like Gecko) QtWebEngine/5.12.1 Chrome/69.0.3497.128 Safari/537.36,?schemes=http&host=127.0.0.1:5635&path=/,127.0.0.1 
2019-05-17 12:26:19,FANCY-DP,GET/SoilDataAPI/PropertyGroups,Mozilla/5.0 (Windows NT 10.0; Win64; x64) AppleWebKit/537.36 (KHTML like Gecko) Chrome/74.0.3729.131 Safari/537.36,?format=xml,127.0.0.1 
2019-05-17 12:28:34,FANCY-DP,GET/__swagger__/,Mozilla/5.0 (Windows NT 10.0; Win64; x64) AppleWebKit/537.36 (KHTML like Gecko) QtWebEngine/5.12.1 Chrome/69.0.3497.128 Safari/537.36,,127.0.0.1 
2019-05-17 12:28:34,FANCY-DP,GET/swagger.json,Mozilla/5.0 (Windows NT 10.0; Win64; x64) AppleWebKit/537.36 (KHTML like Gecko) QtWebEngine/5.12.1 Chrome/69.0.3497.128 Safari/537.36,?schemes=http&host=127.0.0.1:5635&path=/,127.0.0.1 
2019-05-17 12:28:43,FANCY-DP,GET/SoilDataAPI/PropertyGroups,Mozilla/5.0 (Windows NT 10.0; Win64; x64) AppleWebKit/537.36 (KHTML like Gecko) Chrome/74.0.3729.131 Safari/537.36,?format=xml,127.0.0.1 
2019-05-17 12:29:08,FANCY-DP,GET/SoilDataAPI/Properties,Mozilla/5.0 (Windows NT 10.0; Win64; x64) AppleWebKit/537.36 (KHTML like Gecko) Chrome/74.0.3729.131 Safari/537.36,?format=xml,127.0.0.1 
2019-05-17 12:34:24,FANCY-DP,GET/__swagger__/,Mozilla/5.0 (Windows NT 10.0; Win64; x64) AppleWebKit/537.36 (KHTML like Gecko) QtWebEngine/5.12.1 Chrome/69.0.3497.128 Safari/537.36,,127.0.0.1 
2019-05-17 12:34:24,FANCY-DP,GET/swagger.json,Mozilla/5.0 (Windows NT 10.0; Win64; x64) AppleWebKit/537.36 (KHTML like Gecko) QtWebEngine/5.12.1 Chrome/69.0.3497.128 Safari/537.36,?schemes=http&host=127.0.0.1:5635&path=/,127.0.0.1 
2019-05-17 12:34:33,FANCY-DP,GET/SoilDataAPI/PropertyGroups,Mozilla/5.0 (Windows NT 10.0; Win64; x64) AppleWebKit/537.36 (KHTML like Gecko) Chrome/74.0.3729.131 Safari/537.36,?format=xml,127.0.0.1 
2019-05-17 12:35:12,FANCY-DP,GET/SoilDataAPI/Properties,Mozilla/5.0 (Windows NT 10.0; Win64; x64) AppleWebKit/537.36 (KHTML like Gecko) Chrome/74.0.3729.131 Safari/537.36,?format=xml,127.0.0.1 
2019-05-17 12:35:29,FANCY-DP,GET/SoilDataAPI/Providers,Mozilla/5.0 (Windows NT 10.0; Win64; x64) AppleWebKit/537.36 (KHTML like Gecko) Chrome/74.0.3729.131 Safari/537.36,,127.0.0.1 
2019-05-17 12:35:41,FANCY-DP,GET/SoilDataAPI/Providers&format=xml,Mozilla/5.0 (Windows NT 10.0; Win64; x64) AppleWebKit/537.36 (KHTML like Gecko) Chrome/74.0.3729.131 Safari/537.36,,127.0.0.1 
2019-05-17 12:36:10,FANCY-DP,GET/SoilDataAPI/Providers,Mozilla/5.0 (Windows NT 10.0; Win64; x64) AppleWebKit/537.36 (KHTML like Gecko) Chrome/74.0.3729.131 Safari/537.36,?format=xml,127.0.0.1 
2019-05-17 12:36:46,FANCY-DP,GET/SoilDataAPI/Providers,Mozilla/5.0 (Windows NT 10.0; Win64; x64) AppleWebKit/537.36 (KHTML like Gecko) Chrome/74.0.3729.131 Safari/537.36,?format=csv,127.0.0.1 
2019-05-17 12:37:28,FANCY-DP,GET/SoilDataAPI/Providers,Mozilla/5.0 (Windows NT 10.0; Win64; x64) AppleWebKit/537.36 (KHTML like Gecko) Chrome/74.0.3729.131 Safari/537.36,?format=html,127.0.0.1 
2019-05-17 12:41:53,FANCY-DP,GET/__swagger__/,Mozilla/5.0 (Windows NT 10.0; Win64; x64) AppleWebKit/537.36 (KHTML like Gecko) QtWebEngine/5.12.1 Chrome/69.0.3497.128 Safari/537.36,,127.0.0.1 
2019-05-17 12:41:54,FANCY-DP,GET/swagger.json,Mozilla/5.0 (Windows NT 10.0; Win64; x64) AppleWebKit/537.36 (KHTML like Gecko) QtWebEngine/5.12.1 Chrome/69.0.3497.128 Safari/537.36,?schemes=http&host=127.0.0.1:5635&path=/,127.0.0.1 
2019-05-17 12:41:59,FANCY-DP,GET/SoilDataAPI/Providers,Mozilla/5.0 (Windows NT 10.0; Win64; x64) AppleWebKit/537.36 (KHTML like Gecko) Chrome/74.0.3729.131 Safari/537.36,?format=html,127.0.0.1 
2019-05-17 12:43:11,FANCY-DP,GET/__swagger__/,Mozilla/5.0 (Windows NT 10.0; Win64; x64) AppleWebKit/537.36 (KHTML like Gecko) QtWebEngine/5.12.1 Chrome/69.0.3497.128 Safari/537.36,,127.0.0.1 
2019-05-17 12:43:12,FANCY-DP,GET/swagger.json,Mozilla/5.0 (Windows NT 10.0; Win64; x64) AppleWebKit/537.36 (KHTML like Gecko) QtWebEngine/5.12.1 Chrome/69.0.3497.128 Safari/537.36,?schemes=http&host=127.0.0.1:5635&path=/,127.0.0.1 
2019-05-17 12:43:19,FANCY-DP,GET/SoilDataAPI/Providers,Mozilla/5.0 (Windows NT 10.0; Win64; x64) AppleWebKit/537.36 (KHTML like Gecko) Chrome/74.0.3729.131 Safari/537.36,?format=html,127.0.0.1 
2019-05-17 12:43:43,FANCY-DP,GET/SoilDataAPI/PropertyGroups,Mozilla/5.0 (Windows NT 10.0; Win64; x64) AppleWebKit/537.36 (KHTML like Gecko) Chrome/74.0.3729.131 Safari/537.36,?format=html,127.0.0.1 
2019-05-17 12:43:54,FANCY-DP,GET/SoilDataAPI/Properties,Mozilla/5.0 (Windows NT 10.0; Win64; x64) AppleWebKit/537.36 (KHTML like Gecko) Chrome/74.0.3729.131 Safari/537.36,?format=html,127.0.0.1 
2019-05-17 12:46:00,FANCY-DP,GET/__swagger__/,Mozilla/5.0 (Windows NT 10.0; Win64; x64) AppleWebKit/537.36 (KHTML like Gecko) QtWebEngine/5.12.1 Chrome/69.0.3497.128 Safari/537.36,,127.0.0.1 
2019-05-17 12:46:00,FANCY-DP,GET/swagger.json,Mozilla/5.0 (Windows NT 10.0; Win64; x64) AppleWebKit/537.36 (KHTML like Gecko) QtWebEngine/5.12.1 Chrome/69.0.3497.128 Safari/537.36,?schemes=http&host=127.0.0.1:5635&path=/,127.0.0.1 
2019-05-17 12:46:34,FANCY-DP,GET/NSSCSoilDataAPI/SoilData,Mozilla/5.0 (Windows NT 10.0; Win64; x64) AppleWebKit/537.36 (KHTML like Gecko) QtWebEngine/5.12.1 Chrome/69.0.3497.128 Safari/537.36,?providers=TasGovernment&observedProperty=3A1,127.0.0.1 
2019-05-17 12:46:40,FANCY-DP,GET/NSSCSoilDataAPI/SoilData,Mozilla/5.0 (Windows NT 10.0; Win64; x64) AppleWebKit/537.36 (KHTML like Gecko) QtWebEngine/5.12.1 Chrome/69.0.3497.128 Safari/537.36,?providers=TasGovernment&observedProperty=4A1,127.0.0.1 
2019-05-17 12:47:02,FANCY-DP,GET/SoilDataAPI/Providers,Mozilla/5.0 (Windows NT 10.0; Win64; x64) AppleWebKit/537.36 (KHTML like Gecko) QtWebEngine/5.12.1 Chrome/69.0.3497.128 Safari/537.36,,127.0.0.1 
2019-05-17 12:47:34,FANCY-DP,GET/NSSCSoilDataAPI/SoilData,Mozilla/5.0 (Windows NT 10.0; Win64; x64) AppleWebKit/537.36 (KHTML like Gecko) QtWebEngine/5.12.1 Chrome/69.0.3497.128 Safari/537.36,?providers=TasGovernment&observedProperty=S_DESC_BY,127.0.0.1 
2019-05-17 12:47:54,FANCY-DP,GET/NSSCSoilDataAPI/SoilData,Mozilla/5.0 (Windows NT 10.0; Win64; x64) AppleWebKit/537.36 (KHTML like Gecko) QtWebEngine/5.12.1 Chrome/69.0.3497.128 Safari/537.36,?providers=TasGovernment&observedProperty=S_DESC_BY,127.0.0.1 
